time/steps,time/epochs,time/steps_per_second,time/dataset,time/preprocess,time/train_step,train/env_steps,eval/success,eval/reward,eval/length,eval/is_success,eval/reward_std,step,train/reward,train/length,train/num_ep,train/q_loss,train/target_q,train/actor_loss,train/entropy,train/alpha_loss,train/alpha
10000,0,354.9187976892856,0.0003497600555419922,0.0018792152404785156,0.034091949462890625,9501.5,0.01,-15.76455597325413,50.0,0.05,4.450075204987585,10000,-17.18867350648052,50.0,190.5,0.33147840201854706,-0.3599078506231308,0.07512768357992172,-0.3562658280134201,0.3643183410167694,0.0999550111591816
15000,0,34.12583886810145,0.000308990478515625,0.0009849071502685547,0.030901193618774414,14501.5,0.0,-7.612090858544252,50.0,0.0,1.6829285985378224,15000,-10.26097346837621,50.0,290.5,0.19652701095491648,-2.222040115237236,2.2593027373552323,1.6244092030525208,0.18685198266804218,0.03315262824110687
20000,0,32.578656412222706,0.0003292560577392578,0.0009567737579345703,0.03069591522216797,19501.5,0.0,-17.199950324596607,50.0,0.0,2.3040292728923535,20000,-14.889202605860476,50.0,390.5,0.8279964841008186,-4.652260009288788,4.753471800804138,-4.256666429638862,-0.004226356353610754,0.016043123073875905
25000,0,32.49773462113177,0.0003521442413330078,0.0009658336639404297,0.033524274826049805,24501.5,0.0,-13.894161955308562,50.0,0.0,2.6576849119662933,25000,-12.76003275978842,50.0,490.5,1.7402506765127181,-6.604375158309937,6.777654527187347,-5.093471910238266,-0.04252887139847735,0.03984426656737924
30000,0,32.78962450118959,0.0005459785461425781,0.0011348724365234375,0.031823158264160156,29501.5,0.0,-9.898395692848029,50.0,0.0,1.785527116723731,30000,-9.051259929130168,50.0,590.5,2.1792624456882477,-8.354603520393372,8.518735773086547,-3.513166473388672,0.014184291395242327,0.02925720725953579
